{"val_loss":0.5909363822882168,"val_acc":0.9210053859964094,"_timestamp":1.7679357382069306e+09,"_step":28,"_wandb":{"runtime":41191},"_runtime":41191,"train_loss":1.2407987560544695}